{"step": [100, 200, 300, 400, 500, 600, 700, 800, 900, 1000, 1100, 1200, 1300, 1400, 1500, 1600, 1700, 1800, 1900, 2000, 2100, 2200, 2300, 2400, 2500, 2600, 2700, 2800, 2900, 3000, 3100, 3200, 3300, 3400, 3500, 3600, 3700, 3800, 3900, 4000, 4100, 4200, 4300, 4400, 4500, 4600, 4700, 4800, 4900, 5000, 5100, 5200, 5300, 5400, 5500, 5600, 5700, 5800, 5900, 6000, 6100, 6200, 6300, 6400, 6500, 6600, 6700, 6800, 6900, 7000, 7100, 7200, 7300, 7400, 7500, 7600, 7700, 7800, 7900, 8000, 8100, 8200, 8300, 8400, 8500, 8600, 8700, 8800, 8900, 9000, 9100, 9200, 9300, 9400, 9500, 9600, 9700, 9800, 9900, 10000, 10100, 10200, 10300, 10400, 10500, 10600, 10700, 10800, 10900, 11000, 11100, 11200, 11300, 11400, 11500, 11600, 11700, 11800, 11900, 12000, 12100, 12200, 12300, 12400, 12500, 12600, 12700, 12800, 12900, 13000, 13100, 13200, 13300, 13400, 13500, 13600, 13700, 13800, 13900, 14000, 14100, 14200, 14300, 14400, 14500, 14600, 14700, 14800, 14900, 15000, 15100, 15200, 15300, 15400, 15500, 15600, 15700, 15800, 15900, 16000, 16100, 16200, 16300, 16400, 16500, 16600, 16700, 16800, 16900, 17000, 17100, 17200, 17300, 17400, 17500, 17600, 17700, 17800, 17900, 18000, 18100, 18200, 18300, 18400, 18500, 18600, 18700, 18800, 18900, 19000, 19100, 19200, 19300, 19400, 19500, 19600, 19700, 19800, 19900, 20000], "train_loss": [3.3292324542999268, 2.6486692428588867, 2.521615982055664, 2.4028842449188232, 2.32395339012146, 2.2782998085021973, 2.258754014968872, 2.1009268760681152, 2.048802614212036, 2.004335880279541, 1.9476392269134521, 1.9408187866210938, 1.8380184173583984, 1.8901652097702026, 1.8130924701690674, 1.8149714469909668, 1.7286841869354248, 1.752925157546997, 1.648775339126587, 1.6667945384979248, 1.6603076457977295, 1.6205514669418335, 1.62479567527771, 1.6120729446411133, 1.608663558959961, 1.5679900646209717, 1.6384562253952026, 1.6022169589996338, 1.542564034461975, 1.5715585947036743, 1.5504125356674194, 1.4888776540756226, 1.5374118089675903, 1.5582993030548096, 1.5000150203704834, 1.4716851711273193, 1.4874470233917236, 1.531683325767517, 1.5140093564987183, 1.4510985612869263, 1.4616202116012573, 1.5479716062545776, 1.5029577016830444, 1.4789550304412842, 1.4559578895568848, 1.4526376724243164, 1.4624673128128052, 1.4524729251861572, 1.4402177333831787, 1.4382363557815552, 1.4489750862121582, 1.4606367349624634, 1.3939011096954346, 1.4626810550689697, 1.400806188583374, 1.3880499601364136, 1.4104995727539062, 1.3972108364105225, 1.4542217254638672, 1.4327926635742188, 1.4351345300674438, 1.4378474950790405, 1.4424570798873901, 1.398099422454834, 1.3870971202850342, 1.3786591291427612, 1.386237382888794, 1.354273796081543, 1.3483479022979736, 1.4222297668457031, 1.3711397647857666, 1.3404730558395386, 1.3625507354736328, 1.4197299480438232, 1.4332034587860107, 1.3635194301605225, 1.3408455848693848, 1.313971996307373, 1.295731544494629, 1.417698621749878, 1.333359956741333, 1.3727426528930664, 1.3468475341796875, 1.3399951457977295, 1.418021321296692, 1.361130952835083, 1.2942767143249512, 1.3438979387283325, 1.3316354751586914, 1.3738089799880981, 1.3279924392700195, 1.3430248498916626, 1.324098825454712, 1.3054237365722656, 1.2846651077270508, 1.3879774808883667, 1.3261058330535889, 1.3053748607635498, 1.3264615535736084, 1.3617793321609497, 1.3366081714630127, 1.33989679813385, 1.3405308723449707, 1.3014582395553589, 1.308577537536621, 1.288896083831787, 1.3003498315811157, 1.328497290611267, 1.3943698406219482, 1.3048303127288818, 1.2903426885604858, 1.3054962158203125, 1.2902109622955322, 1.3262027502059937, 1.3030558824539185, 1.3239895105361938, 1.3156259059906006, 1.2780406475067139, 1.325102686882019, 1.2891005277633667, 1.3155863285064697, 1.327965497970581, 1.2725443840026855, 1.2702302932739258, 1.3128633499145508, 1.2972946166992188, 1.2273952960968018, 1.3270902633666992, 1.299764633178711, 1.3085074424743652, 1.3277335166931152, 1.2841472625732422, 1.2636260986328125, 1.2892005443572998, 1.2951939105987549, 1.2764132022857666, 1.2735521793365479, 1.3155697584152222, 1.3143359422683716, 1.3004961013793945, 1.2967209815979004, 1.2657248973846436, 1.272447109222412, 1.3106282949447632, 1.2877520322799683, 1.2842594385147095, 1.2386844158172607, 1.2996140718460083, 1.241434097290039, 1.2980612516403198, 1.275572657585144, 1.3087403774261475, 1.2480719089508057, 1.302168846130371, 1.2436496019363403, 1.2453997135162354, 1.2504537105560303, 1.2417893409729004, 1.2377289533615112, 1.2531301975250244, 1.2323863506317139, 1.2666287422180176, 1.2707111835479736, 1.268322229385376, 1.2498610019683838, 1.232703447341919, 1.2270828485488892, 1.223860263824463, 1.2348661422729492, 1.2303767204284668, 1.2472742795944214, 1.2447152137756348, 1.2397141456604004, 1.2412538528442383, 1.2386897802352905, 1.2675938606262207, 1.296051025390625, 1.232813835144043, 1.2559337615966797, 1.2516045570373535, 1.2689086198806763, 1.2347997426986694, 1.2716459035873413, 1.243096113204956, 1.3131988048553467, 1.277395248413086, 1.1855709552764893, 1.251241683959961, 1.2391537427902222, 1.2601823806762695, 1.2380270957946777, 1.2304584980010986, 1.2032853364944458, 1.2928168773651123, 1.253636360168457, 1.28857421875, 1.2547341585159302, 1.2697820663452148, 1.2839370965957642, 1.2593265771865845], "val_loss": [2.312735676765442, 1.9327091073989868, 1.7350682139396667, 1.6281589126586915, 1.551302320957184, 1.49864914894104, 1.4677583742141724, 1.4402069187164306, 1.4157639384269713, 1.406857659816742, 1.3812367033958435, 1.372342188358307, 1.3636884689331055, 1.344482409954071, 1.3303516578674317, 1.3313792657852173, 1.3211661958694458, 1.3189069509506226, 1.3208433818817138, 1.3126703190803528, 1.3061459755897522, 1.2967168641090394, 1.2946304726600646, 1.2943277382850646, 1.2822780680656434, 1.2809118747711181, 1.2871209979057312, 1.2730782270431518, 1.268412687778473, 1.270012276172638, 1.266589913368225, 1.2665933847427369, 1.2647553277015686, 1.2647746968269349, 1.2617718625068663, 1.2589096736907959, 1.2526725482940675, 1.2543743085861205, 1.249002206325531, 1.2515905547142028], "val_bpc": [3.3365722917564837, 2.7883098447254535, 2.5031743078548283, 2.3489367890718613, 2.238056165364468, 2.162093695209704, 2.117527727702034, 2.0777793794861688, 2.0425156130380193, 2.029666569054266, 1.9927033422830034, 1.9798712695472371, 1.9673865914472546, 1.9396781054031806, 1.9192917394437548, 1.9207742642907222, 1.9060399189709865, 1.9027805175304466, 1.9055741968317559, 1.8937829596593583, 1.8843703216604126, 1.870766989287199, 1.86775696269041, 1.867320209308891, 1.8499362098389844, 1.8479652095480772, 1.8569230807026522, 1.836663644818869, 1.829932694458644, 1.8322404127023695, 1.82730298685632, 1.8273079949911133, 1.8246562392129488, 1.8246841829540612, 1.8203520087718872, 1.8162227431608544, 1.8072244732815916, 1.8096795944157185, 1.8019292891252177, 1.8056634865096473]}