{"step": [100, 200, 300, 400, 500, 600, 700, 800, 900, 1000, 1100, 1200, 1300, 1400, 1500, 1600, 1700, 1800, 1900, 2000, 2100, 2200, 2300, 2400, 2500, 2600, 2700, 2800, 2900, 3000, 3100, 3200, 3300, 3400, 3500, 3600, 3700, 3800, 3900, 4000, 4100, 4200, 4300, 4400, 4500, 4600, 4700, 4800, 4900, 5000, 5100, 5200, 5300, 5400, 5500, 5600, 5700, 5800, 5900, 6000, 6100, 6200, 6300, 6400, 6500, 6600, 6700, 6800, 6900, 7000, 7100, 7200, 7300, 7400, 7500, 7600, 7700, 7800, 7900, 8000, 8100, 8200, 8300, 8400, 8500, 8600, 8700, 8800, 8900, 9000, 9100, 9200, 9300, 9400, 9500, 9600, 9700, 9800, 9900, 10000, 10100, 10200, 10300, 10400, 10500, 10600, 10700, 10800, 10900, 11000, 11100, 11200, 11300, 11400, 11500, 11600, 11700, 11800, 11900, 12000, 12100, 12200, 12300, 12400, 12500, 12600, 12700, 12800, 12900, 13000, 13100, 13200, 13300, 13400, 13500, 13600, 13700, 13800, 13900, 14000, 14100, 14200, 14300, 14400, 14500, 14600, 14700, 14800, 14900, 15000, 15100, 15200, 15300, 15400, 15500, 15600, 15700, 15800, 15900, 16000, 16100, 16200, 16300, 16400, 16500, 16600, 16700, 16800, 16900, 17000, 17100, 17200, 17300, 17400, 17500, 17600, 17700, 17800, 17900, 18000, 18100, 18200, 18300, 18400, 18500, 18600, 18700, 18800, 18900, 19000, 19100, 19200, 19300, 19400, 19500, 19600, 19700, 19800, 19900, 20000, 20100, 20200, 20300, 20400, 20500, 20600, 20700, 20800, 20900, 21000, 21100, 21200, 21300, 21400, 21500, 21600, 21700, 21800, 21900, 22000, 22100, 22200, 22300, 22400, 22500, 22600, 22700, 22800, 22900, 23000, 23100, 23200, 23300, 23400, 23500, 23600, 23700, 23800, 23900, 24000, 24100, 24200, 24300, 24400, 24500, 24600, 24700, 24800, 24900, 25000, 25100, 25200, 25300, 25400, 25500, 25600, 25700, 25800, 25900, 26000, 26100, 26200, 26300, 26400, 26500, 26600, 26700, 26800, 26900, 27000, 27100, 27200, 27300, 27400, 27500, 27600, 27700, 27800, 27900, 28000, 28100, 28200, 28300, 28400, 28500, 28600, 28700, 28800, 28900, 29000, 29100, 29200, 29300, 29400, 29500, 29600, 29700, 29800, 29900, 30000], "train_loss": [3.4036765098571777, 2.6360080242156982, 2.5349960327148438, 2.417229652404785, 2.3739638328552246, 2.2339606285095215, 2.182874917984009, 2.098318576812744, 2.064401149749756, 2.0108256340026855, 1.859422206878662, 1.8961390256881714, 1.8815438747406006, 1.805833101272583, 1.7575135231018066, 1.8259522914886475, 1.7382014989852905, 1.7643669843673706, 1.6886777877807617, 1.6747536659240723, 1.6671485900878906, 1.6920936107635498, 1.6681041717529297, 1.6803576946258545, 1.616863489151001, 1.5981571674346924, 1.6165261268615723, 1.6394816637039185, 1.5988764762878418, 1.6101980209350586, 1.5698111057281494, 1.569169521331787, 1.5395711660385132, 1.5304408073425293, 1.5179684162139893, 1.5348747968673706, 1.522914171218872, 1.4441405534744263, 1.503921627998352, 1.5028833150863647, 1.467552661895752, 1.4593673944473267, 1.5460906028747559, 1.4565786123275757, 1.4887921810150146, 1.4337984323501587, 1.4202063083648682, 1.4488656520843506, 1.4491775035858154, 1.4210556745529175, 1.441185712814331, 1.452580213546753, 1.46986985206604, 1.425706386566162, 1.4088646173477173, 1.3849726915359497, 1.4682128429412842, 1.3882222175598145, 1.3523797988891602, 1.3844066858291626, 1.4031329154968262, 1.3833688497543335, 1.4011565446853638, 1.3669382333755493, 1.3594129085540771, 1.3616024255752563, 1.3803985118865967, 1.3734380006790161, 1.3603132963180542, 1.363412618637085, 1.3751089572906494, 1.3904106616973877, 1.3246686458587646, 1.342099905014038, 1.3629564046859741, 1.401662826538086, 1.368333339691162, 1.3922803401947021, 1.3463091850280762, 1.3607971668243408, 1.3395917415618896, 1.3570421934127808, 1.361800193786621, 1.3773126602172852, 1.352036714553833, 1.3705286979675293, 1.3683509826660156, 1.3335509300231934, 1.2939562797546387, 1.3303234577178955, 1.3376814126968384, 1.356701374053955, 1.3105984926223755, 1.273735523223877, 1.3387296199798584, 1.288062334060669, 1.277906894683838, 1.412116527557373, 1.3276468515396118, 1.3217425346374512, 1.3103913068771362, 1.3021576404571533, 1.314621925354004, 1.3260329961776733, 1.340910792350769, 1.3662382364273071, 1.3036540746688843, 1.3255589008331299, 1.266214370727539, 1.302237868309021, 1.2824139595031738, 1.3009520769119263, 1.2930762767791748, 1.2742547988891602, 1.3128503561019897, 1.3167849779129028, 1.2978789806365967, 1.2947665452957153, 1.295822024345398, 1.3241686820983887, 1.284452199935913, 1.302582859992981, 1.2728722095489502, 1.2670202255249023, 1.3010759353637695, 1.2706568241119385, 1.3015474081039429, 1.3574597835540771, 1.2858706712722778, 1.2769620418548584, 1.3029506206512451, 1.2947678565979004, 1.320451021194458, 1.2449567317962646, 1.2375818490982056, 1.244302749633789, 1.3020899295806885, 1.2906570434570312, 1.2181041240692139, 1.2884936332702637, 1.298083782196045, 1.2732688188552856, 1.2825360298156738, 1.2909116744995117, 1.2666457891464233, 1.2198212146759033, 1.3200933933258057, 1.262451410293579, 1.300230622291565, 1.2349458932876587, 1.2769465446472168, 1.282829999923706, 1.2806298732757568, 1.303220272064209, 1.2674999237060547, 1.2654564380645752, 1.2468534708023071, 1.3000656366348267, 1.2749134302139282, 1.25767183303833, 1.28501296043396, 1.266129732131958, 1.279072880744934, 1.278307318687439, 1.2699787616729736, 1.2388702630996704, 1.2995643615722656, 1.2344300746917725, 1.2538983821868896, 1.225452184677124, 1.2481048107147217, 1.1891148090362549, 1.2488036155700684, 1.193834662437439, 1.2619595527648926, 1.2827537059783936, 1.288912057876587, 1.2841074466705322, 1.2589362859725952, 1.2503323554992676, 1.2584471702575684, 1.2779239416122437, 1.2818349599838257, 1.2459874153137207, 1.235708475112915, 1.2573869228363037, 1.3032246828079224, 1.2431694269180298, 1.2310638427734375, 1.2576045989990234, 1.2487467527389526, 1.2627382278442383, 1.2732679843902588, 1.248985767364502, 1.2840646505355835, 1.2285842895507812, 1.2185180187225342, 1.2985355854034424, 1.2675294876098633, 1.2246983051300049, 1.2340893745422363, 1.2389814853668213, 1.2477922439575195, 1.2573944330215454, 1.2610100507736206, 1.2202997207641602, 1.2599871158599854, 1.2291536331176758, 1.2033915519714355, 1.1820635795593262, 1.2150615453720093, 1.2497884035110474, 1.2536015510559082, 1.2373906373977661, 1.2159732580184937, 1.2459285259246826, 1.2024121284484863, 1.238673210144043, 1.2433977127075195, 1.2342922687530518, 1.2258988618850708, 1.1951569318771362, 1.209233283996582, 1.2247653007507324, 1.2519772052764893, 1.2415510416030884, 1.2613744735717773, 1.2243541479110718, 1.2347217798233032, 1.237030029296875, 1.2798850536346436, 1.2264273166656494, 1.2242605686187744, 1.2347290515899658, 1.2276012897491455, 1.2704191207885742, 1.2460156679153442, 1.2317384481430054, 1.2664858102798462, 1.215806245803833, 1.1788568496704102, 1.1934541463851929, 1.2055261135101318, 1.1861462593078613, 1.2167117595672607, 1.2002524137496948, 1.2376713752746582, 1.2137782573699951, 1.2080485820770264, 1.1965070962905884, 1.2395124435424805, 1.2115427255630493, 1.2033231258392334, 1.1945343017578125, 1.1960822343826294, 1.193833351135254, 1.246350884437561, 1.2240066528320312, 1.2248886823654175, 1.223257064819336, 1.2215337753295898, 1.1952400207519531, 1.2188466787338257, 1.2194912433624268, 1.22758150100708, 1.2109005451202393, 1.2092013359069824, 1.2381465435028076, 1.2468197345733643, 1.1856791973114014, 1.2455856800079346, 1.1997661590576172, 1.2370753288269043, 1.2141475677490234, 1.2249209880828857, 1.2056078910827637, 1.23799729347229, 1.2236158847808838, 1.1662015914916992, 1.19224214553833, 1.2184594869613647, 1.2118756771087646, 1.2087287902832031, 1.2033007144927979, 1.206322431564331, 1.2124141454696655, 1.1803319454193115, 1.1940536499023438, 1.1576240062713623, 1.2699856758117676, 1.1583492755889893, 1.1915119886398315, 1.2052035331726074, 1.2242741584777832, 1.2255337238311768, 1.181200623512268, 1.1847280263900757, 1.2271993160247803, 1.162992238998413, 1.193284273147583],