{"step": [100, 200, 300, 400, 500, 600, 700, 800, 900, 1000, 1100, 1200, 1300, 1400, 1500, 1600, 1700, 1800, 1900, 2000, 2100, 2200, 2300, 2400, 2500, 2600, 2700, 2800, 2900, 3000, 3100, 3200, 3300, 3400, 3500, 3600, 3700, 3800, 3900, 4000, 4100, 4200, 4300, 4400, 4500, 4600, 4700, 4800, 4900, 5000, 5100, 5200, 5300, 5400, 5500, 5600, 5700, 5800, 5900, 6000, 6100, 6200, 6300, 6400, 6500, 6600, 6700, 6800, 6900, 7000, 7100, 7200, 7300, 7400, 7500, 7600, 7700, 7800, 7900, 8000, 8100, 8200, 8300, 8400, 8500, 8600, 8700, 8800, 8900, 9000, 9100, 9200, 9300, 9400, 9500, 9600, 9700, 9800, 9900, 10000, 10100, 10200, 10300, 10400, 10500, 10600, 10700, 10800, 10900, 11000, 11100, 11200, 11300, 11400, 11500, 11600, 11700, 11800, 11900, 12000, 12100, 12200, 12300, 12400, 12500, 12600, 12700, 12800, 12900, 13000, 13100, 13200, 13300, 13400, 13500, 13600, 13700, 13800, 13900, 14000, 14100, 14200, 14300, 14400, 14500, 14600, 14700, 14800, 14900, 15000, 15100, 15200, 15300, 15400, 15500, 15600, 15700, 15800, 15900, 16000, 16100, 16200, 16300, 16400, 16500, 16600, 16700, 16800, 16900, 17000, 17100, 17200, 17300, 17400, 17500, 17600, 17700, 17800, 17900, 18000, 18100, 18200, 18300, 18400, 18500, 18600, 18700, 18800, 18900, 19000, 19100, 19200, 19300, 19400, 19500, 19600, 19700, 19800, 19900, 20000], "train_loss": [3.3628735542297363, 2.661126136779785, 2.525425910949707, 2.373135566711426, 2.331369400024414, 2.2587199211120605, 2.158646583557129, 2.154151439666748, 2.0755128860473633, 2.009028434753418, 1.9488067626953125, 1.8870534896850586, 1.8080298900604248, 1.8097786903381348, 1.8113536834716797, 1.7259680032730103, 1.7361397743225098, 1.7752448320388794, 1.6229519844055176, 1.67637038230896, 1.6969144344329834, 1.6964190006256104, 1.6460500955581665, 1.6268892288208008, 1.6271713972091675, 1.5877809524536133, 1.6028976440429688, 1.6085116863250732, 1.5596978664398193, 1.5492358207702637, 1.5823410749435425, 1.516484260559082, 1.4715313911437988, 1.5020345449447632, 1.5072815418243408, 1.5088417530059814, 1.5331850051879883, 1.494357943534851, 1.5055983066558838, 1.4831180572509766, 1.4847421646118164, 1.4482672214508057, 1.464071273803711, 1.526853322982788, 1.4070823192596436, 1.4719488620758057, 1.4803955554962158, 1.4793521165847778, 1.4676547050476074, 1.4447966814041138, 1.4224052429199219, 1.4466969966888428, 1.3856840133666992, 1.405109167098999, 1.4498628377914429, 1.4246882200241089, 1.4393709897994995, 1.4452309608459473, 1.4265837669372559, 1.4144163131713867, 1.4263967275619507, 1.3860005140304565, 1.409692406654358, 1.4219151735305786, 1.405457615852356, 1.4191603660583496, 1.4073811769485474, 1.4063100814819336, 1.3981983661651611, 1.3549860715866089, 1.3315426111221313, 1.3804659843444824, 1.3501520156860352, 1.3578686714172363, 1.3281408548355103, 1.3540054559707642, 1.3870155811309814, 1.337059497833252, 1.3789247274398804, 1.426098108291626, 1.354495882987976, 1.34999680519104, 1.3788765668869019, 1.3641679286956787, 1.3309471607208252, 1.3481533527374268, 1.3266234397888184, 1.3408114910125732, 1.3437525033950806, 1.3353533744812012, 1.325709342956543, 1.3282525539398193, 1.315920352935791, 1.3237218856811523, 1.3040213584899902, 1.3709609508514404, 1.346935749053955, 1.33184814453125, 1.3472222089767456, 1.3049942255020142, 1.2921216487884521, 1.2884666919708252, 1.3015903234481812, 1.3203341960906982, 1.3873344659805298, 1.3175597190856934, 1.3287183046340942, 1.3556032180786133, 1.2865889072418213, 1.3015975952148438, 1.3253886699676514, 1.29465913772583, 1.3078354597091675, 1.3886237144470215, 1.3001604080200195, 1.2884143590927124, 1.3424937725067139, 1.310025691986084, 1.2652736902236938, 1.2990241050720215, 1.2811341285705566, 1.3196027278900146, 1.3295950889587402, 1.2990598678588867, 1.3331565856933594, 1.3133583068847656, 1.3071036338806152, 1.3061877489089966, 1.29292893409729, 1.306189775466919, 1.2933319807052612, 1.3024353981018066, 1.3178046941757202, 1.3262732028961182, 1.3046011924743652, 1.249899983406067, 1.2834755182266235, 1.2745013236999512, 1.234813928604126, 1.2333707809448242, 1.2912460565567017, 1.284840703010559, 1.2406162023544312, 1.2770118713378906, 1.265208125114441, 1.2838149070739746, 1.2375099658966064, 1.2877851724624634, 1.261075735092163, 1.2587206363677979, 1.2584391832351685, 1.250807762145996, 1.2993078231811523, 1.2953410148620605, 1.268253207206726, 1.2091686725616455, 1.261564016342163, 1.239562749862671, 1.2437077760696411, 1.2806544303894043, 1.2576262950897217, 1.2693500518798828, 1.2254019975662231, 1.2588763236999512, 1.2922639846801758, 1.3271833658218384, 1.2936952114105225, 1.275416612625122, 1.2544159889221191, 1.248847246170044, 1.2750709056854248, 1.19181489944458, 1.254280924797058, 1.2073527574539185, 1.2486530542373657, 1.2670459747314453, 1.2194139957427979, 1.2684791088104248, 1.2641363143920898, 1.2271928787231445, 1.256809115409851, 1.2824599742889404, 1.2610654830932617, 1.2692700624465942, 1.2862038612365723, 1.251623511314392, 1.2581583261489868, 1.218747854232788, 1.279503345489502, 1.264230489730835, 1.2242447137832642, 1.3007516860961914, 1.2695667743682861, 1.225947380065918, 1.2631714344024658, 1.2609586715698242, 1.2568397521972656, 1.1995983123779297, 1.2230753898620605, 1.2776334285736084], "val_loss": [2.305438952445984, 1.9346585536003114, 1.7499971890449524, 1.6332442617416383, 1.5545715832710265, 1.5106724214553833, 1.4839809226989746, 1.4392768788337706, 1.430302505493164, 1.4063756704330443, 1.3749528956413268, 1.374413743019104, 1.3559279346466064, 1.3554622530937195, 1.3449717831611634, 1.3370354390144348, 1.3261773872375489, 1.3206676864624023, 1.3135698699951173, 1.3135840106010437, 1.2971939086914062, 1.3107915806770325, 1.2897303986549378, 1.2869438242912292, 1.2886886477470398, 1.2826787185668946, 1.2882901668548583, 1.2901404786109925, 1.2768749284744263, 1.2759580039978027, 1.269939558506012, 1.2725959348678588, 1.2676316571235657, 1.2676061844825746, 1.266094789505005, 1.2598174381256104, 1.2540376734733583, 1.2500213313102722, 1.2510160279273987, 1.2521648001670838], "val_bpc": [3.3260453437660678, 2.7911223010925843, 2.5247122662047787, 2.3562733969750176, 2.2427727138920144, 2.1794396108414036, 2.140931917951639, 2.0764376155596262, 2.063490331646047, 2.0289712053606443, 1.9836377239976628, 1.9828598911832995, 1.9561905071174737, 1.9555186706504901, 1.9403841217021967, 1.9289343973589232, 1.9132695399066943, 1.9053207219216082, 1.8950807373031162, 1.8951011378851612, 1.8714552191404625, 1.8910725130817605, 1.8606876502232246, 1.856667473207634, 1.8591847213545587, 1.8505142263302694, 1.8586098349475193, 1.8612792705421926, 1.8421411271455048, 1.8408182847502101, 1.8321355032853432, 1.8359678442893144, 1.8288059054060273, 1.828769156153191, 1.8265886741142268, 1.8175323704092567, 1.8091939326079471, 1.8033995756867496, 1.8048346195634672, 1.8064919475767716]}